{
  "epoch": [
    1,
    2,
    3,
    4,
    5,
    6,
    7,
    8,
    9,
    10,
    11,
    12,
    13,
    14,
    15,
    16,
    17,
    18,
    19,
    20,
    21,
    22,
    23,
    24,
    25,
    26,
    27,
    28,
    29,
    30,
    31,
    32,
    33,
    34,
    35,
    36,
    37,
    38,
    39,
    40,
    41,
    42,
    43,
    44,
    45,
    46,
    47,
    48,
    49,
    50
  ],
  "val_acc": [
    43.54838709677419,
    43.54838709677419,
    43.54838709677419,
    43.54838709677419,
    43.54838709677419,
    43.54838709677419,
    43.54838709677419,
    43.54838709677419,
    43.54838709677419,
    43.54838709677419,
    43.54838709677419,
    43.54838709677419,
    43.54838709677419,
    43.54838709677419,
    43.54838709677419,
    43.54838709677419,
    43.54838709677419,
    43.54838709677419,
    43.54838709677419,
    41.935483870967744,
    41.935483870967744,
    41.935483870967744,
    41.935483870967744,
    41.935483870967744,
    41.935483870967744,
    41.935483870967744,
    41.935483870967744,
    41.935483870967744,
    40.32258064516129,
    40.32258064516129,
    40.32258064516129,
    40.32258064516129,
    40.32258064516129,
    40.32258064516129,
    40.32258064516129,
    40.32258064516129,
    40.32258064516129,
    40.32258064516129,
    40.32258064516129,
    40.32258064516129,
    40.32258064516129,
    40.32258064516129,
    40.32258064516129,
    40.32258064516129,
    40.32258064516129,
    40.32258064516129,
    40.32258064516129,
    40.32258064516129,
    40.32258064516129,
    40.32258064516129
  ],
  "val_auc": [
    0.5263710422440581,
    0.5249013185521122,
    0.5259301251364743,
    0.5258041488200218,
    0.5252162593432435,
    0.525363231712438,
    0.5239145040732343,
    0.523620559334845,
    0.5256151843453432,
    0.5268119593516419,
    0.526098093558411,
    0.5269799277735786,
    0.5270009238263206,
    0.526853951457126,
    0.5264550264550264,
    0.5274628369866465,
    0.5270429159318047,
    0.5270639119845469,
    0.5285126396237507,
    0.5285336356764928,
    0.528092718568909,
    0.529835390946502,
    0.5292475014697237,
    0.5286596119929453,
    0.5296674225245654,
    0.5299613672629546,
    0.528554631729235,
    0.528827580414882,
    0.5276727975140675,
    0.5276727975140675,
    0.5276727975140675,
    0.5276727975140675,
    0.5281137146216511,
    0.5284076593600403,
    0.5272738725119678,
    0.5272738725119678,
    0.5272738725119678,
    0.5272738725119678,
    0.5274208448811624,
    0.5274208448811624,
    0.5277147896195515,
    0.5277147896195515,
    0.5281557067271353,
    0.5281557067271353,
    0.5281557067271353,
    0.5281557067271353,
    0.5281557067271353,
    0.5281557067271353,
    0.5281557067271353,
    0.5281557067271353
  ],
  "val_f1": [
    0.20224719101123598,
    0.20224719101123598,
    0.20224719101123598,
    0.20224719101123598,
    0.20224719101123598,
    0.20224719101123598,
    0.20224719101123598,
    0.20224719101123598,
    0.20224719101123598,
    0.20224719101123598,
    0.20224719101123598,
    0.20224719101123598,
    0.20224719101123598,
    0.20224719101123598,
    0.20224719101123598,
    0.20224719101123598,
    0.20224719101123598,
    0.20224719101123598,
    0.20224719101123598,
    0.196969696969697,
    0.196969696969697,
    0.196969696969697,
    0.196969696969697,
    0.196969696969697,
    0.196969696969697,
    0.196969696969697,
    0.196969696969697,
    0.196969696969697,
    0.19157088122605362,
    0.19157088122605362,
    0.19157088122605362,
    0.19157088122605362,
    0.19157088122605362,
    0.19157088122605362,
    0.19157088122605362,
    0.19157088122605362,
    0.19157088122605362,
    0.19157088122605362,
    0.19157088122605362,
    0.19157088122605362,
    0.19157088122605362,
    0.19157088122605362,
    0.19157088122605362,
    0.19157088122605362,
    0.19157088122605362,
    0.19157088122605362,
    0.19157088122605362,
    0.19157088122605362,
    0.19157088122605362,
    0.19157088122605362
  ],
  "val_loss": [
    0.5421873078711571,
    0.538373117485354,
    0.5347672036338237,
    0.5313865255203939,
    0.5281916882001585,
    0.5252108262671579,
    0.5224270611520736,
    0.5197587246375699,
    0.5172922641279236,
    0.5149416270996293,
    0.5129082099564614,
    0.5110385761626305,
    0.5092002576397311,
    0.5075342299476746,
    0.5060676213714385,
    0.504643110978988,
    0.5033100682400888,
    0.5021921276084839,
    0.501102845274633,
    0.5001510230283583,
    0.4992247649258183,
    0.498433823787397,
    0.49771636772540306,
    0.4970616537236398,
    0.4964453325636925,
    0.4958535639509078,
    0.4953573389399436,
    0.4949198358001248,
    0.4945166139833389,
    0.4941576055942043,
    0.49380614896935804,
    0.49352674354468623,
    0.4932727595010111,
    0.4930530130382507,
    0.4928263798356056,
    0.4926439288162416,
    0.4924921917338525,
    0.4923615695968751,
    0.4922359230056886,
    0.4921370833631485,
    0.49205430789339927,
    0.49199022304627205,
    0.49192853127756425,
    0.49188673592382864,
    0.4918588548898697,
    0.4918379528868583,
    0.49182742305340305,
    0.4918226763125389,
    0.4918212116725983,
    0.49182080910090475
  ]
}