{
  "epoch": 18,
  "val_acc": 43.54838709677419,
  "val_auc": 0.5285126396237507,
  "val_f1": 0.20224719101123598,
  "test_acc": 33.72093023255814,
  "test_auc": 0.4612041257597008,
  "test_f1": 0.1681159420289855
}