{
  "epoch": 47,
  "val_acc": 40.32258064516129,
  "val_auc": 0.43508020492147476,
  "val_f1": 0.28809523809523807,
  "test_acc": 36.04651162790697,
  "test_auc": 0.43809899485741005,
  "test_f1": 0.26045219148667426
}