{
  "epoch": [
    1,
    2,
    3,
    4,
    5,
    6,
    7,
    8,
    9,
    10,
    11,
    12,
    13,
    14,
    15,
    16,
    17,
    18,
    19,
    20,
    21,
    22,
    23,
    24,
    25,
    26,
    27,
    28,
    29,
    30,
    31,
    32,
    33,
    34,
    35,
    36,
    37,
    38,
    39,
    40,
    41,
    42,
    43,
    44,
    45,
    46,
    47,
    48,
    49,
    50
  ],
  "val_acc": [
    30.64516129032258,
    30.64516129032258,
    32.25806451612903,
    35.483870967741936,
    37.096774193548384,
    37.096774193548384,
    37.096774193548384,
    33.87096774193548,
    33.87096774193548,
    33.87096774193548,
    35.483870967741936,
    37.096774193548384,
    38.70967741935484,
    40.32258064516129,
    40.32258064516129,
    40.32258064516129,
    40.32258064516129,
    40.32258064516129,
    40.32258064516129,
    40.32258064516129,
    40.32258064516129,
    40.32258064516129,
    40.32258064516129,
    40.32258064516129,
    40.32258064516129,
    40.32258064516129,
    40.32258064516129,
    40.32258064516129,
    40.32258064516129,
    40.32258064516129,
    40.32258064516129,
    40.32258064516129,
    40.32258064516129,
    40.32258064516129,
    40.32258064516129,
    40.32258064516129,
    40.32258064516129,
    40.32258064516129,
    40.32258064516129,
    40.32258064516129,
    40.32258064516129,
    40.32258064516129,
    40.32258064516129,
    40.32258064516129,
    40.32258064516129,
    40.32258064516129,
    40.32258064516129,
    40.32258064516129,
    40.32258064516129,
    40.32258064516129
  ],
  "val_auc": [
    0.40591668766271943,
    0.4099689258419417,
    0.4102628705803309,
    0.410283866633073,
    0.41202653901066605,
    0.41320231796422274,
    0.4140841521793903,
    0.4152389350802049,
    0.41656168640295627,
    0.4172965482489292,
    0.4184513311497439,
    0.4188922482573276,
    0.41933316536491133,
    0.42048794826572605,
    0.4215167548500882,
    0.42309145880574456,
    0.42441421012849584,
    0.4250020996052742,
    0.4250020996052742,
    0.42502309565801627,
    0.4257579575039893,
    0.4257579575039893,
    0.4267867640883514,
    0.42766859830351894,
    0.42766859830351894,
    0.4282564877802973,
    0.4282564877802973,
    0.42882338120433355,
    0.43039808515998995,
    0.43039808515998995,
    0.43039808515998995,
    0.43127991937515747,
    0.43172083648274123,
    0.43272864701436137,
    0.43272864701436137,
    0.43272864701436137,
    0.4333165364911397,
    0.4333165364911397,
    0.4336104812295289,
    0.4336104812295289,
    0.4336104812295289,
    0.4336104812295289,
    0.43390442596791806,
    0.43478626018308564,
    0.43478626018308564,
    0.43478626018308564,
    0.43478626018308564,
    0.43508020492147476,
    0.43508020492147476,
    0.43508020492147476
  ],
  "val_f1": [
    0.23032714412024757,
    0.23015873015873015,
    0.24250440917107582,
    0.26631217458734907,
    0.2777777777777778,
    0.2777777777777778,
    0.2777777777777778,
    0.25089605734767023,
    0.25089605734767023,
    0.25089605734767023,
    0.2617753623188406,
    0.2723646723646724,
    0.2828282828282828,
    0.2931852366076594,
    0.287734181689643,
    0.287734181689643,
    0.287734181689643,
    0.287734181689643,
    0.287734181689643,
    0.287734181689643,
    0.287734181689643,
    0.287734181689643,
    0.287734181689643,
    0.287734181689643,
    0.287734181689643,
    0.287734181689643,
    0.287734181689643,
    0.287734181689643,
    0.287734181689643,
    0.287734181689643,
    0.28809523809523807,
    0.28809523809523807,
    0.28809523809523807,
    0.28809523809523807,
    0.28809523809523807,
    0.28809523809523807,
    0.28809523809523807,
    0.28809523809523807,
    0.28809523809523807,
    0.28809523809523807,
    0.28809523809523807,
    0.28809523809523807,
    0.28809523809523807,
    0.28809523809523807,
    0.28809523809523807,
    0.28809523809523807,
    0.28809523809523807,
    0.28809523809523807,
    0.28809523809523807,
    0.28809523809523807
  ],
  "val_loss": [
    1.286186485521255,
    1.2823837418710031,
    1.2786390473765712,
    1.2750960319272933,
    1.271565443085086,
    1.2683924590387652,
    1.2650119614216588,
    1.2620547750303823,
    1.2590983634994877,
    1.256143142138758,
    1.2534873600929015,
    1.2509458526488273,
    1.2484653217177237,
    1.2460533342053812,
    1.2437918589961143,
    1.2415206422728877,
    1.2395368939445865,
    1.2375784602857405,
    1.2357048892205762,
    1.2338822955085385,
    1.2322453721877067,
    1.2306586580891763,
    1.2292153200795572,
    1.227745492612162,
    1.2265204825708944,
    1.225260752824045,
    1.2241065579075967,
    1.2229876691295254,
    1.2220505879771324,
    1.221129471255887,
    1.2203010186072318,
    1.2195516968927076,
    1.2188525449845098,
    1.21822551277376,
    1.2176617076320033,
    1.2171917192397579,
    1.2167246485910108,
    1.216327001010218,
    1.2159863969972056,
    1.2156966530507611,
    1.2154606667257124,
    1.215262533195557,
    1.2150918053042503,
    1.2149680372207396,
    1.2148866711124298,
    1.2148285873474614,
    1.2147991368847508,
    1.21478737458106,
    1.2147831109262281,
    1.2147820216994132
  ]
}