{
  "epoch": [
    1,
    2,
    3,
    4,
    5,
    6,
    7,
    8,
    9,
    10,
    11,
    12,
    13,
    14,
    15,
    16,
    17,
    18,
    19,
    20,
    21,
    22,
    23,
    24,
    25,
    26,
    27,
    28,
    29,
    30,
    31,
    32,
    33,
    34,
    35,
    36,
    37,
    38,
    39,
    40,
    41,
    42,
    43,
    44,
    45,
    46,
    47,
    48,
    49,
    50
  ],
  "val_acc": [
    22.580645161290324,
    22.580645161290324,
    24.193548387096776,
    25.806451612903224,
    25.806451612903224,
    27.419354838709676,
    30.64516129032258,
    30.64516129032258,
    33.87096774193548,
    32.25806451612903,
    30.64516129032258,
    30.64516129032258,
    29.032258064516128,
    29.032258064516128,
    29.032258064516128,
    29.032258064516128,
    30.64516129032258,
    29.032258064516128,
    30.64516129032258,
    32.25806451612903,
    37.096774193548384,
    37.096774193548384,
    38.70967741935484,
    41.935483870967744,
    41.935483870967744,
    41.935483870967744,
    41.935483870967744,
    41.935483870967744,
    40.32258064516129,
    40.32258064516129,
    40.32258064516129,
    40.32258064516129,
    41.935483870967744,
    41.935483870967744,
    41.935483870967744,
    41.935483870967744,
    41.935483870967744,
    41.935483870967744,
    41.935483870967744,
    41.935483870967744,
    41.935483870967744,
    41.935483870967744,
    41.935483870967744,
    41.935483870967744,
    41.935483870967744,
    41.935483870967744,
    41.935483870967744,
    41.935483870967744,
    41.935483870967744,
    41.935483870967744
  ],
  "val_auc": [
    0.5039029121398926,
    0.504568338394165,
    0.5068223476409912,
    0.5068567991256714,
    0.5074133276939392,
    0.5051369667053223,
    0.5038266181945801,
    0.5062639713287354,
    0.5076348781585693,
    0.5073138475418091,
    0.5086159110069275,
    0.5120714902877808,
    0.5165190696716309,
    0.5182082653045654,
    0.5194097757339478,
    0.5223432183265686,
    0.5223004817962646,
    0.52204829454422,
    0.5219393968582153,
    0.5226448774337769,
    0.5223926901817322,
    0.5244429111480713,
    0.5270153284072876,
    0.5297971367835999,
    0.5297971367835999,
    0.5310674905776978,
    0.5308153033256531,
    0.5314462780952454,
    0.5328916311264038,
    0.5342364311218262,
    0.5359339714050293,
    0.5379441976547241,
    0.5386496186256409,
    0.5386496186256409,
    0.5391456484794617,
    0.5398855209350586,
    0.5397422313690186,
    0.5397422313690186,
    0.5400949716567993,
    0.541187584400177,
    0.5410786867141724,
    0.5405826568603516,
    0.5405826568603516,
    0.5409353971481323,
    0.5404393672943115,
    0.5409353971481323,
    0.5412881374359131,
    0.5412881374359131,
    0.5412881374359131,
    0.5412881374359131
  ],
  "val_f1": [
    0.1278538852930069,
    0.1278538852930069,
    0.15629631280899048,
    0.19641651213169098,
    0.19601991772651672,
    0.22165900468826294,
    0.2631042003631592,
    0.2624737620353699,
    0.3044695258140564,
    0.2925925850868225,
    0.2835714519023895,
    0.2890353202819824,
    0.2781625986099243,
    0.2907593846321106,
    0.29168811440467834,
    0.28976696729660034,
    0.3003619313240051,
    0.26845377683639526,
    0.277230441570282,
    0.2893145978450775,
    0.3229166865348816,
    0.3229166865348816,
    0.33435574173927307,
    0.3558078706264496,
    0.3576076030731201,
    0.3576076030731201,
    0.3576076030731201,
    0.3576076030731201,
    0.3183584213256836,
    0.3183584213256836,
    0.3187216818332672,
    0.3187216818332672,
    0.32847851514816284,
    0.32847851514816284,
    0.32847851514816284,
    0.32847851514816284,
    0.32847851514816284,
    0.32847851514816284,
    0.32847851514816284,
    0.32847851514816284,
    0.32847851514816284,
    0.32847851514816284,
    0.32847851514816284,
    0.32847851514816284,
    0.32847851514816284,
    0.32847851514816284,
    0.32847851514816284,
    0.32847851514816284,
    0.32847851514816284,
    0.32847851514816284
  ],
  "val_loss": [
    1.1751224158271667,
    1.1680724832319445,
    1.1614499601625627,
    1.1551868521398114,
    1.149116689159024,
    1.143361824174081,
    1.1380704352932591,
    1.1330170967886526,
    1.128300348597188,
    1.1238861093598027,
    1.1197339267499986,
    1.1158201415692606,
    1.1122298029161268,
    1.1088736864828295,
    1.1057542216393255,
    1.1028559630916965,
    1.1001633453753688,
    1.097692722274411,
    1.095441598084665,
    1.093267785926019,
    1.091308895618685,
    1.0895522352187865,
    1.0879165241795201,
    1.0864185229424508,
    1.0850270323214992,
    1.0837868807777282,
    1.082659988634048,
    1.0816233600339582,
    1.0806543048351043,
    1.0798191803116952,
    1.0790400053224256,
    1.078360455651437,
    1.077729861582479,
    1.077179361735621,
    1.0766793806706705,
    1.0762502416487663,
    1.0758688997837804,
    1.0755412943901554,
    1.0752576647266265,
    1.0750186750965733,
    1.0748109317594958,
    1.0746462008645457,
    1.074506051117374,
    1.0744019016142814,
    1.074321674723779,
    1.074272746039975,
    1.0742463209936697,
    1.0742340135958888,
    1.0742295557452786,
    1.0742283674978441
  ]
}