{
  "epoch": 27,
  "val_acc": 41.935483870967744,
  "val_auc": 0.5314462780952454,
  "val_f1": 0.3576076030731201,
  "test_acc": 36.04651162790697,
  "test_auc": 0.5754991769790649,
  "test_f1": 0.31688791513442993
}